E ( V vs. RHE),HER (mA cm-2),E ( V vs. RHE),HER,E ( V vs. RHE),HER,E ( V vs. RHE),HER,E ( V vs. RHE),HER (mA cm-2),E ( V vs. RHE),HER (mA cm-2),E ( V vs. RHE),HER (normalized),,,
,1 bar CO,,0.5 bar CO,,0.1  bar CO,,0.01  bar CO,,,,,,,,,380
-0.435,0.15008,-0.485,0.14616,-0.485,0.13569,-0.485,0.10837,-0.69674,3.22036,-0.6849,10.37251,-0.6849,0.027296079,,,
-0.485,0.27588,-0.534,0.2769,-0.534,0.29143,-0.535,0.21875,-0.6966,3.24361,-0.68367,10.36041,-0.68367,0.027264237,,,
-0.534,0.42919,-0.583,0.42151,-0.584,0.50657,-0.584,0.42199,-0.69648,3.22659,-0.68321,10.33349,-0.68321,0.027193395,,,
-0.583,0.49003,-0.632,0.4746,-0.633,0.63353,-0.633,0.71371,-0.69621,3.20102,-0.68315,10.31522,-0.68315,0.027145316,,,
-0.633,0.36867,-0.6712,0.94657,-0.68,1.23699,-0.682,0.98657,-0.69638,3.15895,-0.68285,10.251,-0.68285,0.026976316,,,
-0.682,0.59339,-0.719,1.72433,-0.729,1.94945,-0.729,2.0102,-0.6959,3.1391,-0.68254,10.14537,-0.68254,0.026698342,,,
-0.73,1.34986,-0.763,2.7878,-0.769,4.16585,-0.769,3.79661,-0.69586,3.10673,-0.68228,10.17414,-0.68228,0.026774053,,,
-0.775,2.59676,,,,,,,-0.69491,3.09914,-0.68161,10.17319,-0.68161,0.026771553,,,
,,,,,,,,-0.69424,3.09193,-0.68098,10.18215,-0.68098,0.026795132,,,
,,,,,,,,-0.69386,3.06258,-0.68095,10.18308,-0.68095,0.026797579,,,
,,,,,,,,-0.69388,3.03158,-0.68057,10.14137,-0.68057,0.026687816,,,
,,,,,,,,-0.69322,3.02069,-0.67996,10.13566,-0.67996,0.026672789,,,
,,,,,,,,-0.69247,3.00637,-0.67978,10.04154,-0.67978,0.026425105,,,
,,,,,,,,-0.69157,3.00595,-0.67891,10.04398,-0.67891,0.026431526,,,
,,,,,,,,-0.69185,2.95981,-0.67876,10.05342,-0.67876,0.026456368,,,
,,,,,,,,-0.69127,2.94781,-0.67856,9.92303,-0.67856,0.026113237,,,
,,,,,,,,-0.69105,2.91612,-0.67792,9.92108,-0.67792,0.026108105,,,
,,,,,,,,-0.69033,2.90561,-0.6773,9.84481,-0.6773,0.025907395,,,
,,,,,,,,-0.68882,2.92383,-0.67639,9.78088,-0.67639,0.025739158,,,
,,,,,,,,-0.68878,2.88827,-0.6761,9.76295,-0.6761,0.025691974,,,
,,,,,,,,-0.68867,2.86014,-0.67582,9.78869,-0.67582,0.025759711,,,
,,,,,,,,-0.68851,2.82324,-0.67594,9.73673,-0.67594,0.025622974,,,
,,,,,,,,-0.68766,2.82385,-0.6749,9.65617,-0.6749,0.025410974,,,
,,,,,,,,-0.68709,2.80322,-0.67462,9.65498,-0.67462,0.025407842,,,
,,,,,,,,-0.68631,2.80127,-0.67362,9.63607,-0.67362,0.025358079,,,
,,,,,,,,-0.68571,2.78192,-0.67296,9.60047,-0.67296,0.025264395,,,
,,,,,,,,-0.6858,2.74461,-0.67308,9.62602,-0.67308,0.025331632,,,
,,,,,,,,-0.68537,2.72122,-0.67275,9.59258,-0.67275,0.025243632,,,
,,,,,,,,-0.68502,2.70163,-0.67247,9.61925,-0.67247,0.025313816,,,
,,,,,,,,-0.68409,2.69903,-0.67139,9.59142,-0.67139,0.025240579,,,
,,,,,,,,-0.68406,2.66239,-0.67118,9.58385,-0.67118,0.025220658,,,
,,,,,,,,-0.68378,2.64122,-0.67144,9.41339,-0.67144,0.024772079,,,
,,,,,,,,-0.68261,2.64342,-0.67021,9.40837,-0.67021,0.024758868,,,
,,,,,,,,-0.68179,2.64059,-0.66942,9.36522,-0.66942,0.024645316,,,
,,,,,,,,-0.68113,2.62554,-0.66894,9.3511,-0.66894,0.024608158,,,
,,,,,,,,-0.68034,2.61802,-0.66789,9.36253,-0.66789,0.024638237,,,
,,,,,,,,-0.68045,2.58644,-0.6676,9.28525,-0.6676,0.024434868,,,
,,,,,,,,-0.68021,2.55888,-0.66782,9.27329,-0.66782,0.024403395,,,
,,,,,,,,-0.6793,2.54629,-0.66709,9.22627,-0.66709,0.024279658,,,
,,,,,,,,-0.67863,2.54158,-0.66601,9.35832,-0.66601,0.024627158,,,
,,,,,,,,-0.67778,2.52878,-0.66553,9.3511,-0.66553,0.024608158,,,
,,,,,,,,-0.67735,2.50981,-0.66491,9.26966,-0.66491,0.024393842,,,
,,,,,,,,-0.67649,2.49739,-0.66444,9.13186,-0.66444,0.024031211,,,
,,,,,,,,-0.6764,2.47393,-0.66452,9.07305,-0.66452,0.023876447,,,
,,,,,,,,-0.67594,2.44781,-0.66375,9.11917,-0.66375,0.023997816,,,
,,,,,,,,-0.67517,2.4501,-0.66287,9.06054,-0.66287,0.023843526,,,
,,,,,,,,-0.67495,2.41753,-0.66259,9.13083,-0.66259,0.0240285,,,
,,,,,,,,-0.67435,2.39803,-0.66257,8.99871,-0.66257,0.023680816,,,
,,,,,,,,-0.674,2.37295,-0.66214,8.94754,-0.66214,0.023546158,,,
,,,,,,,,-0.67356,2.36429,-0.66126,8.90553,-0.66126,0.023435605,,,
,,,,,,,,-0.67236,2.36269,-0.66055,8.91856,-0.66055,0.023469895,,,
,,,,,,,,-0.67131,2.35783,-0.65923,8.90824,-0.65923,0.023442737,,,
,,,,,,,,-0.67063,2.34976,-0.6585,8.87395,-0.6585,0.0233525,,,
,,,,,,,,-0.67039,2.33466,-0.65831,8.85346,-0.65831,0.023298579,,,
,,,,,,,,-0.66989,2.30734,-0.65823,8.83805,-0.65823,0.023258026,,,
,,,,,,,,-0.66923,2.29039,-0.65775,8.83554,-0.65775,0.023251421,,,
,,,,,,,,-0.6692,2.27029,-0.65724,8.81737,-0.65724,0.023203605,,,
,,,,,,,,-0.6682,2.26393,-0.65613,8.75193,-0.65613,0.023031395,,,
,,,,,,,,-0.66734,2.24983,-0.65611,8.71425,-0.65611,0.022932237,,,
,,,,,,,,-0.66678,2.24107,-0.65525,8.63744,-0.65525,0.022730105,,,
,,,,,,,,-0.66622,2.23195,-0.6544,8.55997,-0.6544,0.022526237,,,
,,,,,,,,-0.66553,2.21139,-0.6541,8.63403,-0.6541,0.022721132,,,
,,,,,,,,-0.66499,2.19746,-0.65357,8.5038,-0.65357,0.022378421,,,
,,,,,,,,-0.6647,2.17325,-0.6532,8.51654,-0.6532,0.022411947,,,
,,,,,,,,-0.66401,2.15969,-0.65248,8.57461,-0.65248,0.022564763,,,
,,,,,,,,-0.66328,2.15056,-0.65148,8.57493,-0.65148,0.022565605,,,
,,,,,,,,-0.66237,2.14363,-0.65089,8.53924,-0.65089,0.022471684,,,
,,,,,,,,-0.66222,2.12059,-0.65058,8.48959,-0.65058,0.022341026,,,
,,,,,,,,-0.66144,2.10214,-0.65007,8.43634,-0.65007,0.022200895,,,
,,,,,,,,-0.661,2.09059,-0.64954,8.42063,-0.64954,0.022159553,,,
,,,,,,,,-0.66017,2.0662,-0.64944,8.32225,-0.64944,0.021900658,,,
,,,,,,,,-0.65985,2.04636,-0.64885,8.36054,-0.64885,0.022001421,,,
,,,,,,,,-0.65872,2.05737,-0.64785,8.32861,-0.64785,0.021917395,,,
,,,,,,,,-0.65799,2.04492,-0.64703,8.26253,-0.64703,0.0217435,,,
,,,,,,,,-0.65711,2.03715,-0.64617,8.26919,-0.64617,0.021761026,,,
,,,,,,,,-0.65702,2.02276,-0.64557,8.20188,-0.64557,0.021583895,,,
,,,,,,,,-0.65659,2.00676,-0.64496,8.21622,-0.64496,0.021621632,,,
,,,,,,,,-0.65603,1.97656,-0.645,8.11895,-0.645,0.021365658,,,
,,,,,,,,-0.65521,1.9702,-0.64414,8.07498,-0.64414,0.021249947,,,
,,,,,,,,-0.65422,1.96295,-0.6434,8.11969,-0.6434,0.021367605,,,
,,,,,,,,-0.65401,1.95149,-0.64261,8.11854,-0.64261,0.021364579,,,
,,,,,,,,-0.65334,1.93254,-0.6422,8.10981,-0.6422,0.021341605,,,
,,,,,,,,-0.65238,1.92883,-0.64147,8.02324,-0.64147,0.021113789,,,
,,,,,,,,-0.65209,1.9019,-0.64135,7.97808,-0.64135,0.020994947,,,
,,,,,,,,-0.65149,1.89364,-0.64058,7.9511,-0.64058,0.020923947,,,
,,,,,,,,-0.65008,1.89,-0.63954,7.95125,-0.63954,0.020924342,,,
,,,,,,,,-0.64966,1.87381,-0.63905,7.90156,-0.63905,0.020793579,,,
,,,,,,,,-0.64913,1.86329,-0.63845,7.87359,-0.63845,0.020719974,,,
,,,,,,,,-0.64896,1.84658,-0.63773,7.85432,-0.63773,0.020669263,,,
,,,,,,,,-0.64781,1.83432,-0.63723,7.84315,-0.63723,0.020639868,,,
,,,,,,,,-0.64736,1.82527,-0.63687,7.72819,-0.63687,0.020337342,,,
,,,,,,,,-0.64669,1.80802,-0.63622,7.73908,-0.63622,0.020366,,,
,,,,,,,,-0.64608,1.79369,-0.63544,7.73242,-0.63544,0.020348474,,,
,,,,,,,,-0.64529,1.78844,-0.6344,7.72795,-0.6344,0.020336711,,,
,,,,,,,,-0.6448,1.77944,-0.63415,7.68997,-0.63415,0.020236763,,,
,,,,,,,,-0.64437,1.76698,-0.63327,7.6671,-0.63327,0.020176579,,,
,,,,,,,,-0.64307,1.75836,-0.63275,7.66892,-0.63275,0.020181368,,,
,,,,,,,,-0.64221,1.74602,-0.63175,7.67651,-0.63175,0.020201342,,,
,,,,,,,,-0.6423,1.72349,-0.63132,7.62305,-0.63132,0.020060658,,,
,,,,,,,,-0.64115,1.7169,-0.63068,7.65214,-0.63068,0.020137211,,,
,,,,,,,,-0.64084,1.70119,-0.6302,7.63546,-0.6302,0.020093316,,,
,,,,,,,,-0.63985,1.71158,-0.62899,7.5569,-0.62899,0.019886579,,,
,,,,,,,,-0.63904,1.69191,-0.62855,7.54329,-0.62855,0.019850763,,,
,,,,,,,,-0.63836,1.68844,-0.62755,7.56017,-0.62755,0.019895184,,,
,,,,,,,,-0.63724,1.68118,-0.62705,7.41476,-0.62705,0.019512526,,,
,,,,,,,,-0.63651,1.67397,-0.62625,7.40063,-0.62625,0.019475342,,,
,,,,,,,,-0.636,1.65181,-0.62597,7.30669,-0.62597,0.019228132,,,
,,,,,,,,-0.63549,1.63819,-0.6255,7.27697,-0.6255,0.019149921,,,
,,,,,,,,-0.63492,1.62576,-0.62446,7.29039,-0.62446,0.019185237,,,
,,,,,,,,-0.63379,1.62364,-0.62398,7.26363,-0.62398,0.019114816,,,
,,,,,,,,-0.63376,1.60021,-0.62334,7.28288,-0.62334,0.019165474,,,
,,,,,,,,-0.63254,1.59615,-0.62266,7.1882,-0.62266,0.018916316,,,
,,,,,,,,-0.63144,1.59873,-0.62165,7.15597,-0.62165,0.0188315,,,
,,,,,,,,-0.63109,1.59482,-0.62086,7.14883,-0.62086,0.018812711,,,
,,,,,,,,-0.63035,1.57508,-0.62013,7.20427,-0.62013,0.018958605,,,
,,,,,,,,-0.62998,1.56542,-0.61929,7.22366,-0.61929,0.019009632,,,
,,,,,,,,-0.62903,1.5561,-0.61863,7.19517,-0.61863,0.018934658,,,
,,,,,,,,-0.62826,1.53931,-0.61818,7.19256,-0.61818,0.018927789,,,
,,,,,,,,-0.62772,1.53098,-0.61743,7.09931,-0.61743,0.018682395,,,
,,,,,,,,-0.62708,1.5157,-0.61715,7.05847,-0.61715,0.018574921,,,
,,,,,,,,-0.62574,1.52228,-0.6159,7.00354,-0.6159,0.018430368,,,
,,,,,,,,-0.62509,1.51262,-0.61512,6.99903,-0.61512,0.0184185,,,
,,,,,,,,-0.62426,1.50176,-0.61436,6.93941,-0.61436,0.018261605,,,
,,,,,,,,-0.62357,1.48964,-0.61389,6.91649,-0.61389,0.018201289,,,
,,,,,,,,-0.62291,1.48066,-0.61326,6.92044,-0.61326,0.018211684,,,
,,,,,,,,-0.62213,1.476,-0.61218,6.88273,-0.61218,0.018112447,,,
,,,,,,,,-0.62164,1.45883,-0.612,6.86666,-0.612,0.018070158,,,
,,,,,,,,-0.62053,1.45314,-0.61104,6.8592,-0.61104,0.018050526,,,
,,,,,,,,-0.62001,1.44688,-0.61002,6.84197,-0.61002,0.018005184,,,
,,,,,,,,-0.61949,1.42956,-0.60972,6.80763,-0.60972,0.017914816,,,
,,,,,,,,-0.61821,1.42559,-0.60863,6.72639,-0.60863,0.017701026,,,
,,,,,,,,-0.61759,1.42388,-0.60794,6.71046,-0.60794,0.017659105,,,
,,,,,,,,-0.6168,1.41213,-0.60753,6.68236,-0.60753,0.017585158,,,
,,,,,,,,-0.61574,1.40703,-0.60637,6.60942,-0.60637,0.017393211,,,
,,,,,,,,-0.61564,1.39313,-0.60609,6.60344,-0.60609,0.017377474,,,
,,,,,,,,-0.61439,1.38006,-0.6056,6.50632,-0.6056,0.017121895,,,
,,,,,,,,-0.61408,1.36998,-0.60456,6.60436,-0.60456,0.017379895,,,
,,,,,,,,-0.61282,1.37539,-0.60315,6.60854,-0.60315,0.017390895,,,
,,,,,,,,-0.61245,1.35944,-0.6028,6.59325,-0.6028,0.017350658,,,
,,,,,,,,-0.6114,1.35305,-0.60202,6.57395,-0.60202,0.017299868,,,
,,,,,,,,-0.61073,1.34622,-0.60119,6.51907,-0.60119,0.017155447,,,
,,,,,,,,-0.61003,1.33339,-0.60082,6.50219,-0.60082,0.017111026,,,
,,,,,,,,-0.60905,1.33075,-0.59966,6.44712,-0.59966,0.016966105,,,
,,,,,,,,-0.60828,1.32033,-0.5992,6.4289,-0.5992,0.016918158,,,
,,,,,,,,-0.60775,1.30749,-0.59843,6.36481,-0.59843,0.0167495,,,
,,,,,,,,-0.60698,1.2947,-0.59774,6.32347,-0.59774,0.016640711,,,
,,,,,,,,-0.60558,1.30141,-0.59673,6.31568,-0.59673,0.016620211,,,
,,,,,,,,-0.60533,1.28972,-0.59633,6.30005,-0.59633,0.016579079,,,
,,,,,,,,-0.60445,1.27662,-0.5956,6.23871,-0.5956,0.016417658,,,
,,,,,,,,-0.60386,1.26409,-0.59509,6.24981,-0.59509,0.016446868,,,
,,,,,,,,-0.60272,1.2673,-0.59407,6.24388,-0.59407,0.016431263,,,
,,,,,,,,-0.60203,1.26718,-0.59312,6.17568,-0.59312,0.016251789,,,
,,,,,,,,-0.60115,1.24569,-0.59244,6.1972,-0.59244,0.016308421,,,
,,,,,,,,-0.60099,1.23446,-0.59179,6.16563,-0.59179,0.016225342,,,
,,,,,,,,-0.59966,1.23487,-0.59129,6.0988,-0.59129,0.016049474,,,
,,,,,,,,-0.59894,1.22031,-0.59039,6.0719,-0.59039,0.015978684,,,
,,,,,,,,-0.59817,1.21791,-0.58934,6.05925,-0.58934,0.015945395,,,
,,,,,,,,-0.59734,1.21015,-0.58871,6.02964,-0.58871,0.015867474,,,
,,,,,,,,-0.59658,1.20506,-0.588,6.03114,-0.588,0.015871421,,,
,,,,,,,,-0.59561,1.20008,-0.5871,6.01031,-0.5871,0.015816605,,,
,,,,,,,,-0.59505,1.18777,-0.58645,6.01302,-0.58645,0.015823737,,,
,,,,,,,,-0.59409,1.18506,-0.58531,5.97222,-0.58531,0.015716368,,,
,,,,,,,,-0.59324,1.17858,-0.58444,5.93715,-0.58444,0.015624079,,,
,,,,,,,,-0.59249,1.16691,-0.58391,5.92685,-0.58391,0.015596974,,,
,,,,,,,,-0.59193,1.16632,-0.5832,5.9051,-0.5832,0.015539737,,,
,,,,,,,,-0.59055,1.16022,-0.58213,5.88937,-0.58213,0.015498342,,,
,,,,,,,,-0.59025,1.15132,-0.58166,5.86253,-0.58166,0.015427711,,,
,,,,,,,,-0.58921,1.14234,-0.58099,5.83163,-0.58099,0.015346395,,,
,,,,,,,,-0.5886,1.13462,-0.58007,5.81678,-0.58007,0.015307316,,,
,,,,,,,,-0.58768,1.12403,-0.57909,5.74092,-0.57909,0.015107684,,,
,,,,,,,,-0.58676,1.1179,-0.57856,5.73768,-0.57856,0.015099158,,,
,,,,,,,,-0.58618,1.10585,-0.57774,5.68398,-0.57774,0.014957842,,,
,,,,,,,,-0.58544,1.10029,-0.57702,5.60373,-0.57702,0.014746658,,,
,,,,,,,,-0.58438,1.09465,-0.57636,5.59571,-0.57636,0.014725553,,,
,,,,,,,,-0.58353,1.09516,-0.5751,5.64647,-0.5751,0.014859132,,,
,,,,,,,,-0.58285,1.0858,-0.57492,5.56751,-0.57492,0.014651342,,,
,,,,,,,,-0.58226,1.07527,-0.57384,5.55624,-0.57384,0.014621684,,,
,,,,,,,,-0.58134,1.06671,-0.57304,5.60631,-0.57304,0.014753447,,,
,,,,,,,,-0.58047,1.06205,-0.57243,5.55678,-0.57243,0.014623105,,,
,,,,,,,,-0.57965,1.05691,-0.57169,5.52681,-0.57169,0.014544237,,,
,,,,,,,,-0.5788,1.04963,-0.57073,5.48324,-0.57073,0.014429579,,,
,,,,,,,,-0.5778,1.04264,-0.57036,5.4369,-0.57036,0.014307632,,,
,,,,,,,,-0.5774,1.03553,-0.56925,5.39376,-0.56925,0.014194105,,,
,,,,,,,,-0.57643,1.02555,-0.56853,5.36954,-0.56853,0.014130368,,,
,,,,,,,,-0.57577,1.01512,-0.56805,5.36363,-0.56805,0.014114816,,,
,,,,,,,,-0.57481,1.00989,-0.56718,5.38854,-0.56718,0.014180368,,,
,,,,,,,,-0.57392,1.00807,-0.5664,5.35136,-0.5664,0.014082526,,,
,,,,,,,,-0.57308,1.0048,-0.56549,5.3048,-0.56549,0.01396,,,
,,,,,,,,-0.57221,0.9967,-0.56457,5.28615,-0.56457,0.013910921,,,
,,,,,,,,-0.57154,0.99256,-0.56394,5.22327,-0.56394,0.013745447,,,
,,,,,,,,-0.57068,0.98047,-0.56339,5.22637,-0.56339,0.013753605,,,
,,,,,,,,-0.5703,0.97071,-0.56235,5.1912,-0.56235,0.013661053,,,
,,,,,,,,-0.56916,0.96721,-0.56132,5.16412,-0.56132,0.013589789,,,
,,,,,,,,-0.5683,0.9604,-0.56087,5.14903,-0.56087,0.013550079,,,
,,,,,,,,-0.56734,0.95377,-0.5599,5.09571,-0.5599,0.013409763,,,
,,,,,,,,-0.56658,0.94737,-0.55913,5.08759,-0.55913,0.013388395,,,
,,,,,,,,-0.56578,0.93969,-0.55841,5.04476,-0.55841,0.013275684,,,
,,,,,,,,-0.56495,0.9377,-0.55746,4.97436,-0.55746,0.013090421,,,
,,,,,,,,-0.56412,0.92492,-0.55713,4.92898,-0.55713,0.012971,,,
,,,,,,,,-0.56324,0.92485,-0.55632,4.92071,-0.55632,0.012949237,,,
,,,,,,,,-0.56288,0.91369,-0.5554,4.90266,-0.5554,0.012901737,,,
,,,,,,,,-0.56169,0.9073,-0.55445,4.92985,-0.55445,0.012973289,,,
,,,,,,,,-0.561,0.89848,-0.55338,4.90914,-0.55338,0.012918789,,,
,,,,,,,,-0.5604,0.89313,-0.5528,4.91758,-0.5528,0.012941,,,
,,,,,,,,-0.55923,0.89188,-0.55178,4.87529,-0.55178,0.012829711,,,
,,,,,,,,-0.55836,0.8865,-0.55105,4.85849,-0.55105,0.0127855,,,
,,,,,,,,-0.55771,0.87653,-0.55037,4.82139,-0.55037,0.012687868,,,
,,,,,,,,-0.5568,0.87016,-0.54938,4.80327,-0.54938,0.012640184,,,
,,,,,,,,-0.55608,0.86236,-0.54875,4.75595,-0.54875,0.012515658,,,
,,,,,,,,-0.5551,0.85356,-0.54816,4.75786,-0.54816,0.012520684,,,
,,,,,,,,-0.55435,0.84972,-0.54742,4.74217,-0.54742,0.012479395,,,
,,,,,,,,-0.55348,0.84122,-0.54647,4.72425,-0.54647,0.012432237,,,
,,,,,,,,-0.55276,0.83587,-0.54569,4.6642,-0.54569,0.012274211,,,
,,,,,,,,-0.55177,0.83242,-0.54477,4.66134,-0.54477,0.012266684,,,
,,,,,,,,-0.55088,0.82479,-0.54426,4.58093,-0.54426,0.012055079,,,
,,,,,,,,-0.55032,0.81693,-0.54333,4.55725,-0.54333,0.011992763,,,
,,,,,,,,-0.54924,0.8142,-0.54251,4.56685,-0.54251,0.012018026,,,
,,,,,,,,-0.54831,0.80501,-0.54203,4.53788,-0.54203,0.011941789,,,
,,,,,,,,-0.54749,0.79749,-0.54085,4.54264,-0.54085,0.011954316,,,
,,,,,,,,-0.54688,0.79189,-0.53998,4.57183,-0.53998,0.012031132,,,
,,,,,,,,-0.54587,0.78664,-0.5392,4.52641,-0.5392,0.011911605,,,
,,,,,,,,-0.54535,0.78051,-0.53857,4.47507,-0.53857,0.0117765,,,
,,,,,,,,-0.54439,0.7732,-0.5375,4.44442,-0.5375,0.011695842,,,
,,,,,,,,-0.54352,0.76539,-0.53695,4.48049,-0.53695,0.011790763,,,
,,,,,,,,-0.54237,0.7633,-0.53615,4.4318,-0.53615,0.011662632,,,
,,,,,,,,-0.54195,0.75356,-0.53558,4.32785,-0.53558,0.011389079,,,
,,,,,,,,-0.54109,0.74726,-0.53447,4.30131,-0.53447,0.011319237,,,
,,,,,,,,-0.5404,0.73723,-0.5341,4.26597,-0.5341,0.011226237,,,
,,,,,,,,-0.53954,0.7317,-0.53305,4.27388,-0.53305,0.011247053,,,
,,,,,,,,-0.53897,0.72303,-0.53236,4.24227,-0.53236,0.011163868,,,
,,,,,,,,-0.53777,0.71727,-0.53164,4.20619,-0.53164,0.011068921,,,
,,,,,,,,-0.53708,0.71467,-0.53049,4.18131,-0.53049,0.011003447,,,
,,,,,,,,-0.53611,0.70907,-0.52987,4.16746,-0.52987,0.010967,,,
,,,,,,,,-0.53509,0.70306,-0.52925,4.14756,-0.52925,0.010914632,,,
,,,,,,,,-0.53443,0.6984,-0.52832,4.10614,-0.52832,0.010805632,,,
,,,,,,,,-0.53363,0.69383,-0.52742,4.11858,-0.52742,0.010838368,,,
,,,,,,,,-0.5329,0.67907,-0.52664,4.07354,-0.52664,0.010719842,,,
,,,,,,,,-0.53216,0.67441,-0.52586,4.03558,-0.52586,0.010619947,,,
,,,,,,,,-0.53126,0.66678,-0.52547,4.02936,-0.52547,0.010603579,,,
,,,,,,,,-0.53035,0.66227,-0.52434,4.03024,-0.52434,0.010605895,,,
,,,,,,,,-0.52955,0.65871,-0.52333,4.02498,-0.52333,0.010592053,,,
,,,,,,,,-0.52876,0.65349,-0.52255,3.98681,-0.52255,0.010491605,,,
,,,,,,,,-0.52786,0.64476,-0.52196,3.94675,-0.52196,0.010386184,,,
,,,,,,,,-0.52717,0.63784,-0.52118,3.94346,-0.52118,0.010377526,,,
,,,,,,,,-0.52605,0.63761,-0.52002,3.95232,-0.52002,0.010400842,,,
,,,,,,,,-0.52553,0.63113,-0.51947,3.93668,-0.51947,0.010359684,,,
,,,,,,,,-0.52433,0.62081,-0.51868,3.89198,-0.51868,0.010242053,,,
,,,,,,,,-0.52384,0.61637,-0.51786,3.86471,-0.51786,0.010170289,,,
,,,,,,,,-0.5229,0.6116,-0.51692,3.80988,-0.51692,0.010026,,,
,,,,,,,,-0.52208,0.60036,-0.51641,3.77444,-0.51641,0.009932737,,,
,,,,,,,,-0.52147,0.59232,-0.5156,3.74659,-0.5156,0.009859447,,,
,,,,,,,,-0.52048,0.58712,-0.51488,3.75905,-0.51488,0.009892237,,,
,,,,,,,,-0.51958,0.5845,-0.51391,3.75319,-0.51391,0.009876816,,,
,,,,,,,,-0.51869,0.57748,-0.51313,3.70439,-0.51313,0.009748395,,,
,,,,,,,,-0.51772,0.57092,-0.51206,3.69407,-0.51206,0.009721237,,,
,,,,,,,,-0.51733,0.56134,-0.5114,3.67676,-0.5114,0.009675684,,,
,,,,,,,,-0.5161,0.55735,-0.51074,3.66731,-0.51074,0.009650816,,,
,,,,,,,,-0.51587,0.54877,-0.50982,3.63537,-0.50982,0.009566763,,,
,,,,,,,,-0.51454,0.54405,-0.50924,3.62575,-0.50924,0.009541447,,,
,,,,,,,,-0.5136,0.53889,-0.50826,3.60588,-0.50826,0.009489158,,,
,,,,,,,,-0.5128,0.532,-0.50743,3.56876,-0.50743,0.009391474,,,
,,,,,,,,-0.51174,0.52752,-0.50653,3.52988,-0.50653,0.009289158,,,
,,,,,,,,-0.51114,0.52319,-0.50577,3.51675,-0.50577,0.009254605,,,
,,,,,,,,-0.51039,0.51155,-0.5051,3.48676,-0.5051,0.009175684,,,
,,,,,,,,-0.51004,0.50498,-0.50438,3.47856,-0.50438,0.009154105,,,
,,,,,,,,-0.50871,0.50212,-0.50348,3.46569,-0.50348,0.009120237,,,
,,,,,,,,-0.50805,0.49675,-0.50276,3.40734,-0.50276,0.008966684,,,
,,,,,,,,-0.50705,0.49104,-0.50186,3.40658,-0.50186,0.008964684,,,
,,,,,,,,-0.50649,0.48554,-0.50108,3.38378,-0.50108,0.008904684,,,
,,,,,,,,-0.50518,0.47934,-0.49993,3.37836,-0.49993,0.008890421,,,
,,,,,,,,-0.5049,0.47339,-0.49936,3.33268,-0.49936,0.008770211,,,
,,,,,,,,-0.5039,0.46519,-0.49867,3.33647,-0.49867,0.008780184,,,
,,,,,,,,-0.50328,0.46226,-0.4978,3.31961,-0.4978,0.008735816,,,
,,,,,,,,-0.5022,0.45656,-0.49692,3.29992,-0.49692,0.008684,,,
,,,,,,,,-0.50131,0.45272,-0.4962,3.26983,-0.4962,0.008604816,,,
,,,,,,,,-0.50052,0.44637,-0.4954,3.24486,-0.4954,0.008539105,,,
,,,,,,,,-0.49955,0.43843,-0.4946,3.21727,-0.4946,0.0084665,,,
,,,,,,,,-0.4985,0.43308,-0.49373,3.2102,-0.49373,0.008447895,,,
,,,,,,,,-0.4981,0.42959,-0.49294,3.18163,-0.49294,0.008372711,,,
,,,,,,,,-0.49673,0.42536,-0.49205,3.14556,-0.49205,0.008277789,,,
,,,,,,,,-0.49614,0.41804,-0.49121,3.14473,-0.49121,0.008275605,,,
,,,,,,,,-0.49548,0.41623,-0.49007,3.136,-0.49007,0.008252632,,,
,,,,,,,,-0.49492,0.40722,-0.48945,3.08581,-0.48945,0.008120553,,,
,,,,,,,,-0.49371,0.40219,-0.48877,3.037,-0.48877,0.007992105,,,
,,,,,,,,-0.4931,0.39743,-0.48783,3.04603,-0.48783,0.008015868,,,
,,,,,,,,-0.49197,0.39406,-0.4869,3.05829,-0.4869,0.008048132,,,
,,,,,,,,-0.49114,0.38729,-0.48614,3.01468,-0.48614,0.007933368,,,
,,,,,,,,-0.49046,0.38091,-0.48562,3.00117,-0.48562,0.007897816,,,
,,,,,,,,-0.48927,0.37679,-0.48454,2.97408,-0.48454,0.007826526,,,
,,,,,,,,-0.48821,0.37306,-0.48367,2.94966,-0.48367,0.007762263,,,
,,,,,,,,-0.48778,0.36587,-0.48267,2.93061,-0.48267,0.007712132,,,
,,,,,,,,-0.4863,0.36421,-0.48199,2.91407,-0.48199,0.007668605,,,
,,,,,,,,-0.48574,0.35851,-0.48099,2.87427,-0.48099,0.007563868,,,
,,,,,,,,-0.4851,0.35468,-0.48036,2.8348,-0.48036,0.00746,,,
,,,,,,,,-0.48381,0.34866,-0.47946,2.83586,-0.47946,0.007462789,,,
,,,,,,,,-0.48318,0.34386,-0.4786,2.819,-0.4786,0.007418421,,,
,,,,,,,,-0.48234,0.34058,-0.47755,2.79607,-0.47755,0.007358079,,,
,,,,,,,,-0.48156,0.33685,-0.47673,2.80373,-0.47673,0.007378237,,,
,,,,,,,,-0.4807,0.33183,-0.47601,2.77532,-0.47601,0.007303474,,,
,,,,,,,,-0.47977,0.32621,-0.47544,2.7598,-0.47544,0.007262632,,,
,,,,,,,,-0.47855,0.32049,-0.47445,2.75022,-0.47445,0.007237421,,,
,,,,,,,,-0.47796,0.3183,-0.47351,2.70898,-0.47351,0.007128895,,,
,,,,,,,,-0.47673,0.31351,-0.47257,2.68651,-0.47257,0.007069763,,,
,,,,,,,,-0.47635,0.31105,-0.47184,2.67144,-0.47184,0.007030105,,,
,,,,,,,,-0.47548,0.30564,-0.47096,2.65781,-0.47096,0.006994237,,,
,,,,,,,,-0.47419,0.30255,-0.46984,2.62407,-0.46984,0.006905447,,,
,,,,,,,,-0.4738,0.29657,-0.46917,2.59524,-0.46917,0.006829579,,,
,,,,,,,,-0.47275,0.29198,-0.46835,2.602,-0.46835,0.006847368,,,
,,,,,,,,-0.4718,0.28753,-0.46772,2.55914,-0.46772,0.006734579,,,
,,,,,,,,-0.47074,0.28333,-0.4667,2.55356,-0.4667,0.006719895,,,
,,,,,,,,-0.4703,0.27989,-0.46572,2.52649,-0.46572,0.006648658,,,
,,,,,,,,-0.46894,0.27668,-0.46465,2.49207,-0.46465,0.006558079,,,
,,,,,,,,-0.46827,0.27157,-0.46401,2.51137,-0.46401,0.006608868,,,
,,,,,,,,-0.4672,0.26944,-0.46312,2.47141,-0.46312,0.006503711,,,
,,,,,,,,-0.46645,0.26574,-0.46237,2.44605,-0.46237,0.006436974,,,
,,,,,,,,-0.46562,0.26167,-0.46151,2.44839,-0.46151,0.006443132,,,
,,,,,,,,-0.46482,0.25831,-0.46044,2.42264,-0.46044,0.006375368,,,
,,,,,,,,-0.46357,0.25404,-0.45963,2.43073,-0.45963,0.006396658,,,
,,,,,,,,-0.46288,0.25083,-0.45875,2.40825,-0.45875,0.0063375,,,
,,,,,,,,-0.46181,0.24685,-0.45791,2.3659,-0.45791,0.006226053,,,
,,,,,,,,-0.46091,0.2432,-0.45698,2.31612,-0.45698,0.006095053,,,
,,,,,,,,-0.46017,0.23956,-0.45625,2.32592,-0.45625,0.006120842,,,
,,,,,,,,-0.45904,0.23714,-0.45526,2.33214,-0.45526,0.006137211,,,
,,,,,,,,-0.45839,0.23426,-0.45451,2.29468,-0.45451,0.006038632,,,
,,,,,,,,-0.45747,0.23018,-0.45355,2.28669,-0.45355,0.006017605,,,
,,,,,,,,-0.45649,0.22796,-0.45255,2.2742,-0.45255,0.005984737,,,
,,,,,,,,-0.45558,0.22504,-0.45174,2.25914,-0.45174,0.005945105,,,
,,,,,,,,-0.45445,0.22142,-0.45076,2.23281,-0.45076,0.005875816,,,
,,,,,,,,-0.45397,0.21781,-0.44989,2.2111,-0.44989,0.005818684,,,
,,,,,,,,-0.45257,0.21418,-0.44885,2.18688,-0.44885,0.005754947,,,
,,,,,,,,-0.45214,0.21133,-0.44807,2.17263,-0.44807,0.005717447,,,
,,,,,,,,-0.45078,0.20809,-0.44726,2.13569,-0.44726,0.005620237,,,
,,,,,,,,-0.4503,0.20454,-0.44629,2.12059,-0.44629,0.0055805,,,
,,,,,,,,-0.44921,0.20307,-0.4455,2.11624,-0.4455,0.005569053,,,
,,,,,,,,-0.44829,0.20028,-0.44452,2.09215,-0.44452,0.005505658,,,
,,,,,,,,-0.44761,0.19654,-0.4435,2.06283,-0.4435,0.0054285,,,
,,,,,,,,-0.44616,0.19354,-0.44278,2.04732,-0.44278,0.005387684,,,
,,,,,,,,-0.44538,0.19058,-0.44187,2.02971,-0.44187,0.005341342,,,
,,,,,,,,-0.44477,0.18835,-0.44086,2.01915,-0.44086,0.005313553,,,
,,,,,,,,-0.44373,0.18529,-0.44016,2.01122,-0.44016,0.005292684,,,
,,,,,,,,-0.44254,0.18227,-0.43922,1.97856,-0.43922,0.005206737,,,
,,,,,,,,-0.44199,0.18048,-0.43849,1.96686,-0.43849,0.005175947,,,
,,,,,,,,-0.44104,0.17779,-0.43741,1.94888,-0.43741,0.005128632,,,
,,,,,,,,-0.4401,0.17475,-0.43643,1.94378,-0.43643,0.005115211,,,
,,,,,,,,-0.43876,0.1723,-0.43574,1.92958,-0.43574,0.005077842,,,
,,,,,,,,-0.43807,0.16977,-0.43475,1.90051,-0.43475,0.005001342,,,
,,,,,,,,-0.43696,0.16727,-0.43371,1.89753,-0.43371,0.0049935,,,
,,,,,,,,-0.43605,0.16412,-0.43259,1.88641,-0.43259,0.004964237,,,
,,,,,,,,-0.43535,0.16173,-0.43191,1.86329,-0.43191,0.004903395,,,
,,,,,,,,-0.4345,0.15976,-0.43093,1.83775,-0.43093,0.004836184,,,
,,,,,,,,-0.43316,0.15781,-0.42999,1.83054,-0.42999,0.004817211,,,
,,,,,,,,-0.43236,0.15572,-0.42932,1.80305,-0.42932,0.004744868,,,
,,,,,,,,-0.43143,0.15289,-0.42824,1.79327,-0.42824,0.004719132,,,
,,,,,,,,-0.43051,0.15012,-0.4272,1.78163,-0.4272,0.0046885,,,
,,,,,,,,-0.42962,0.14801,-0.42648,1.7601,-0.42648,0.004631842,,,
,,,,,,,,-0.42905,0.1457,-0.42554,1.74683,-0.42554,0.004596921,,,
,,,,,,,,-0.42755,0.14361,-0.42445,1.72431,-0.42445,0.004537658,,,
,,,,,,,,-0.42708,0.142,-0.42367,1.70841,-0.42367,0.004495816,,,
,,,,,,,,-0.42577,0.13992,-0.42272,1.69473,-0.42272,0.004459816,,,
,,,,,,,,-0.42516,0.13741,-0.42185,1.6913,-0.42185,0.004450789,,,
,,,,,,,,-0.42409,0.13545,-0.42091,1.66954,-0.42091,0.004393526,,,
,,,,,,,,-0.42275,0.1336,-0.41987,1.652,-0.41987,0.004347368,,,
,,,,,,,,-0.42245,0.13167,-0.41896,1.63659,-0.41896,0.004306816,,,
,,,,,,,,-0.42127,0.12936,-0.4183,1.61018,-0.4183,0.004237316,,,
,,,,,,,,-0.41988,0.12745,-0.41715,1.59526,-0.41715,0.004198053,,,
,,,,,,,,-0.41881,0.12571,-0.41631,1.58544,-0.41631,0.004172211,,,
,,,,,,,,-0.41828,0.12374,-0.41529,1.56997,-0.41529,0.0041315,,,
,,,,,,,,-0.4175,0.12207,-0.41447,1.55035,-0.41447,0.004079868,,,
,,,,,,,,-0.41612,0.11993,-0.41345,1.53044,-0.41345,0.004027474,,,
,,,,,,,,-0.4155,0.11823,-0.41263,1.52489,-0.41263,0.004012868,,,
,,,,,,,,-0.4147,0.11614,-0.41163,1.50658,-0.41163,0.003964684,,,
,,,,,,,,-0.41331,0.11454,-0.41057,1.49889,-0.41057,0.003944447,,,
,,,,,,,,-0.41252,0.1125,-0.40976,1.49081,-0.40976,0.003923184,,,
,,,,,,,,-0.41174,0.11102,-0.40884,1.47227,-0.40884,0.003874395,,,
,,,,,,,,-0.4109,0.10941,-0.40797,1.45048,-0.40797,0.003817053,,,
,,,,,,,,-0.40966,0.10803,-0.40707,1.44247,-0.40707,0.003795974,,,
,,,,,,,,-0.40885,0.10623,-0.40609,1.41566,-0.40609,0.003725421,,,
,,,,,,,,-0.40791,0.10415,-0.40522,1.39374,-0.40522,0.003667737,,,
,,,,,,,,-0.40696,0.10291,-0.4042,1.39206,-0.4042,0.003663316,,,
,,,,,,,,-0.40621,0.10133,-0.40322,1.38017,-0.40322,0.003632026,,,
,,,,,,,,-0.40484,0.09995,-0.40236,1.3567,-0.40236,0.003570263,,,
,,,,,,,,-0.404,0.09852,-0.40138,1.35182,-0.40138,0.003557421,,,
,,,,,,,,-0.40277,0.09652,-0.40043,1.34453,-0.40043,0.003538237,,,
,,,,,,,,-0.40241,0.09483,-0.39966,1.32389,-0.39966,0.003483921,,,
,,,,,,,,-0.40133,0.09327,-0.39856,1.30292,-0.39856,0.003428737,,,
,,,,,,,,-0.40033,0.09194,-0.39764,1.29344,-0.39764,0.003403789,,,
,,,,,,,,-0.3993,0.09044,-0.39671,1.27571,-0.39671,0.003357132,,,
,,,,,,,,-0.39805,0.08896,-0.39574,1.26329,-0.39574,0.003324447,,,
,,,,,,,,-0.39733,0.08765,-0.39478,1.24363,-0.39478,0.003272711,,,
,,,,,,,,-0.39646,0.08644,-0.39394,1.23501,-0.39394,0.003250026,,,
,,,,,,,,-0.39562,0.0852,-0.39288,1.22221,-0.39288,0.003216342,,,
,,,,,,,,-0.39437,0.08366,-0.39185,1.21871,-0.39185,0.003207132,,,
,,,,,,,,-0.39334,0.08251,-0.39097,1.21068,-0.39097,0.003186,,,
,,,,,,,,-0.39238,0.08118,-0.39015,1.19474,-0.39015,0.003144053,,,
,,,,,,,,-0.39152,0.0799,-0.38916,1.1661,-0.38916,0.003068684,,,
,,,,,,,,-0.39054,0.07857,-0.3882,1.16066,-0.3882,0.003054368,,,
,,,,,,,,-0.38973,0.07725,-0.38721,1.1591,-0.38721,0.003050263,,,
,,,,,,,,-0.38867,0.07598,-0.38628,1.14026,-0.38628,0.003000684,,,
,,,,,,,,-0.38769,0.07467,-0.38519,1.11941,-0.38519,0.002945816,,,
,,,,,,,,-0.38653,0.07354,-0.38444,1.10219,-0.38444,0.0029005,,,
,,,,,,,,-0.38568,0.07256,-0.38339,1.0946,-0.38339,0.002880526,,,
,,,,,,,,-0.38459,0.07126,-0.38259,1.09088,-0.38259,0.002870737,,,
,,,,,,,,-0.38372,0.0703,-0.38145,1.07561,-0.38145,0.002830553,,,
,,,,,,,,-0.38275,0.06918,-0.38053,1.07432,-0.38053,0.002827158,,,
,,,,,,,,-0.38175,0.06779,-0.37947,1.05994,-0.37947,0.002789316,,,
,,,,,,,,-0.38077,0.06666,-0.37869,1.04198,-0.37869,0.002742053,,,
,,,,,,,,-0.37982,0.06566,-0.37769,1.02291,-0.37769,0.002691868,,,
,,,,,,,,-0.37894,0.06457,-0.37665,1.01077,-0.37665,0.002659921,,,
,,,,,,,,-0.378,0.06347,-0.37568,1.00442,-0.37568,0.002643211,,,
,,,,,,,,-0.37687,0.06231,-0.37478,0.99399,-0.37478,0.002615763,,,
,,,,,,,,-0.37582,0.06144,-0.37388,0.97662,-0.37388,0.002570053,,,
,,,,,,,,-0.37495,0.06038,-0.37287,0.96981,-0.37287,0.002552132,,,
,,,,,,,,-0.3739,0.05939,-0.37189,0.96087,-0.37189,0.002528605,,,
,,,,,,,,-0.37283,0.05851,-0.37105,0.9442,-0.37105,0.002484737,,,
,,,,,,,,-0.37216,0.05762,-0.37008,0.93631,-0.37008,0.002463974,,,
,,,,,,,,-0.3711,0.0567,-0.36908,0.92478,-0.36908,0.002433632,,,
,,,,,,,,-0.37011,0.05558,-0.36824,0.90997,-0.36824,0.002394658,,,
,,,,,,,,-0.36933,0.0547,-0.36711,0.89758,-0.36711,0.002362053,,,
,,,,,,,,-0.36824,0.05369,-0.36624,0.88111,-0.36624,0.002318711,,,
,,,,,,,,-0.36697,0.05285,-0.36541,0.87642,-0.36541,0.002306368,,,
,,,,,,,,-0.36621,0.05199,-0.36423,0.86183,-0.36423,0.002267974,,,
,,,,,,,,-0.36524,0.05114,-0.36331,0.85584,-0.36331,0.002252211,,,
,,,,,,,,-0.36424,0.05026,-0.36223,0.84272,-0.36223,0.002217684,,,
,,,,,,,,-0.36321,0.04949,-0.36139,0.83397,-0.36139,0.002194658,,,
,,,,,,,,-0.36229,0.04865,-0.36035,0.82355,-0.36035,0.002167237,,,
,,,,,,,,-0.36139,0.04775,-0.35945,0.80872,-0.35945,0.002128211,,,
,,,,,,,,-0.36026,0.04692,-0.35839,0.8046,-0.35839,0.002117368,,,
,,,,,,,,-0.35936,0.04617,-0.35737,0.79853,-0.35737,0.002101395,,,
,,,,,,,,-0.35837,0.04538,-0.35641,0.78955,-0.35641,0.002077763,,,
,,,,,,,,-0.35738,0.04465,-0.35541,0.77819,-0.35541,0.002047868,,,
,,,,,,,,-0.35647,0.04385,-0.35449,0.76838,-0.35449,0.002022053,,,
,,,,,,,,-0.35559,0.04308,-0.35348,0.75484,-0.35348,0.001986421,,,
,,,,,,,,-0.35449,0.04238,-0.35254,0.74169,-0.35254,0.001951816,,,
,,,,,,,,-0.3535,0.0417,-0.35163,0.72803,-0.35163,0.001915868,,,
,,,,,,,,-0.35243,0.04091,-0.35075,0.72291,-0.35075,0.001902395,,,
,,,,,,,,-0.35166,0.04023,-0.34955,0.71191,-0.34955,0.001873447,,,
,,,,,,,,-0.3506,0.03945,-0.34872,0.70172,-0.34872,0.001846632,,,
,,,,,,,,-0.34948,0.03881,-0.34759,0.69458,-0.34759,0.001827842,,,
,,,,,,,,-0.34863,0.03812,-0.34682,0.68418,-0.34682,0.001800474,,,
,,,,,,,,-0.34754,0.03747,-0.34585,0.67534,-0.34585,0.001777211,,,
,,,,,,,,-0.34666,0.0368,-0.34479,0.66941,-0.34479,0.001761605,,,
,,,,,,,,-0.3456,0.03616,-0.34397,0.66197,-0.34397,0.001742026,,,
,,,,,,,,-0.3447,0.03553,-0.34285,0.65273,-0.34285,0.001717711,,,
,,,,,,,,-0.3437,0.03492,-0.34196,0.64309,-0.34196,0.001692342,,,
,,,,,,,,-0.34264,0.03425,-0.34092,0.64158,-0.34092,0.001688368,,,
,,,,,,,,-0.34167,0.03354,-0.33995,0.6297,-0.33995,0.001657105,,,
,,,,,,,,-0.34078,0.03298,-0.33899,0.61907,-0.33899,0.001629132,,,
,,,,,,,,-0.33978,0.03238,-0.33805,0.61303,-0.33805,0.001613237,,,
,,,,,,,,-0.33877,0.03174,-0.33707,0.60553,-0.33707,0.0015935,,,
,,,,,,,,-0.33765,0.03118,-0.33619,0.59704,-0.33619,0.001571158,,,
,,,,,,,,-0.33669,0.03063,-0.33513,0.58663,-0.33513,0.001543763,,,
,,,,,,,,-0.33579,0.0301,-0.33412,0.58267,-0.33412,0.001533342,,,
,,,,,,,,-0.33479,0.02955,-0.33326,0.57231,-0.33326,0.001506079,,,
,,,,,,,,-0.33364,0.029,-0.33207,0.56468,-0.33207,0.001486,,,
,,,,,,,,-0.33284,0.02845,-0.3312,0.55662,-0.3312,0.001464789,,,
,,,,,,,,-0.33181,0.02792,-0.3301,0.5476,-0.3301,0.001441053,,,
,,,,,,,,-0.33084,0.02745,-0.32928,0.54515,-0.32928,0.001434605,,,
,,,,,,,,-0.32993,0.02692,-0.32826,0.53663,-0.32826,0.001412184,,,
,,,,,,,,-0.32894,0.02643,-0.32724,0.5295,-0.32724,0.001393421,,,
,,,,,,,,-0.32795,0.02593,-0.32633,0.52397,-0.32633,0.001378868,,,
,,,,,,,,-0.32695,0.02545,-0.32535,0.51537,-0.32535,0.001356237,,,
,,,,,,,,-0.32603,0.02515,-0.32434,0.50826,-0.32434,0.001337526,,,
,,,,,,,,-0.32498,0.02458,-0.32339,0.49871,-0.32339,0.001312395,,,
,,,,,,,,-0.32398,0.02417,-0.32242,0.4943,-0.32242,0.001300789,,,
,,,,,,,,-0.32308,0.02367,-0.32141,0.48804,-0.32141,0.001284316,,,
,,,,,,,,-0.32204,0.0233,-0.32044,0.48392,-0.32044,0.001273474,,,
,,,,,,,,-0.32101,0.02284,-0.31946,0.47595,-0.31946,0.0012525,,,
,,,,,,,,-0.31996,0.02238,-0.31847,0.47164,-0.31847,0.001241158,,,
,,,,,,,,-0.31901,0.02195,-0.31752,0.46374,-0.31752,0.001220368,,,
,,,,,,,,-0.31802,0.02158,-0.3164,0.4573,-0.3164,0.001203421,,,
,,,,,,,,-0.31704,0.02115,-0.31563,0.45142,-0.31563,0.001187947,,,
,,,,,,,,-0.31612,0.02078,-0.31466,0.44584,-0.31466,0.001173263,,,
,,,,,,,,-0.31504,0.02031,-0.31363,0.43883,-0.31363,0.001154816,,,
,,,,,,,,-0.314,0.01996,-0.3126,0.43397,-0.3126,0.001142026,,,
,,,,,,,,-0.31301,0.01959,-0.31164,0.42757,-0.31164,0.001125184,,,
,,,,,,,,-0.31205,0.0192,-0.31053,0.4211,-0.31053,0.001108158,,,
,,,,,,,,-0.3111,0.01888,-0.30967,0.41646,-0.30967,0.001095947,,,
,,,,,,,,-0.31009,0.0185,-0.30861,0.41116,-0.30861,0.001082,,,
,,,,,,,,-0.30912,0.01813,-0.30766,0.40535,-0.30766,0.001066711,,,
,,,,,,,,-0.30812,0.01781,-0.30664,0.39732,-0.30664,0.001045579,,,
,,,,,,,,-0.30717,0.01749,-0.30581,0.39218,-0.30581,0.001032053,,,
,,,,,,,,-0.30617,0.01736,-0.30472,0.38883,-0.30472,0.001023237,,,
,,,,,,,,-0.3052,0.01687,-0.30376,0.3843,-0.30376,0.001011316,,,
,,,,,,,,-0.30414,0.01653,-0.30286,0.3782,-0.30286,0.000995263,,,
,,,,,,,,-0.30323,0.01621,-0.30183,0.37158,-0.30183,0.000977842,,,
,,,,,,,,-0.30225,0.01591,-0.30073,0.36795,-0.30073,0.000968289,,,
,,,,,,,,-0.30122,0.01557,-0.29985,0.36309,-0.29985,0.0009555,,,
,,,,,,,,-0.30026,0.01532,-0.29878,0.3582,-0.29878,0.000942632,,,
,,,,,,,,-0.29927,0.01506,-0.29781,0.35277,-0.29781,0.000928342,,,
,,,,,,,,-0.29819,0.01475,-0.29678,0.34973,-0.29678,0.000920342,,,
,,,,,,,,-0.29717,0.01444,-0.29586,0.34295,-0.29586,0.0009025,,,
,,,,,,,,-0.29628,0.0142,-0.29486,0.33842,-0.29486,0.000890579,,,
,,,,,,,,-0.29516,0.01392,-0.2939,0.33467,-0.2939,0.000880711,,,
,,,,,,,,-0.29429,0.01368,-0.29279,0.33024,-0.29279,0.000869053,,,
,,,,,,,,-0.29322,0.01343,-0.2919,0.32715,-0.2919,0.000860921,,,
,,,,,,,,-0.29221,0.0132,-0.29091,0.32054,-0.29091,0.000843526,,,
,,,,,,,,-0.29118,0.01295,-0.28996,0.3174,-0.28996,0.000835263,,,
,,,,,,,,-0.29028,0.01271,-0.28903,0.31496,-0.28903,0.000828842,,,
,,,,,,,,-0.28939,0.01246,-0.28793,0.30861,-0.28793,0.000812132,,,
,,,,,,,,-0.2882,0.01221,-0.28706,0.30565,-0.28706,0.000804342,,,
,,,,,,,,-0.28731,0.01201,-0.28597,0.30132,-0.28597,0.000792947,,,
,,,,,,,,-0.28626,0.01183,-0.28503,0.29736,-0.28503,0.000782526,,,
,,,,,,,,-0.28517,0.0116,-0.28407,0.29418,-0.28407,0.000774158,,,
,,,,,,,,-0.28429,0.01135,-0.28305,0.2877,-0.28305,0.000757105,,,
,,,,,,,,-0.28336,0.01118,-0.28208,0.28545,-0.28208,0.000751184,,,
,,,,,,,,-0.28228,0.01101,-0.2811,0.28325,-0.2811,0.000745395,,,
,,,,,,,,-0.28126,0.01077,-0.28002,0.27933,-0.28002,0.000735079,,,
,,,,,,,,-0.28027,0.01061,-0.27905,0.27383,-0.27905,0.000720605,,,
,,,,,,,,-0.27928,0.01039,-0.2781,0.27356,-0.2781,0.000719895,,,
,,,,,,,,-0.27824,0.01023,-0.2771,0.26809,-0.2771,0.0007055,,,
,,,,,,,,-0.27732,0.01003,-0.27612,0.26433,-0.27612,0.000695605,,,
,,,,,,,,-0.27629,0.00981,-0.27512,0.2635,-0.27512,0.000693421,,,
,,,,,,,,-0.27537,0.00965,-0.27406,0.26044,-0.27406,0.000685368,,,
,,,,,,,,-0.2743,0.00949,-0.27313,0.25673,-0.27313,0.000675605,,,
,,,,,,,,-0.2733,0.00932,-0.27217,0.25129,-0.27217,0.000661289,,,
,,,,,,,,-0.27229,0.00916,-0.27104,0.24892,-0.27104,0.000655053,,,
,,,,,,,,-0.27135,0.00899,-0.27014,0.24828,-0.27014,0.000653368,,,
,,,,,,,,-0.27042,0.00888,-0.26912,0.24266,-0.26912,0.000638579,,,
,,,,,,,,-0.26938,0.00869,-0.2682,0.24212,-0.2682,0.000637158,,,
,,,,,,,,-0.26837,0.00861,-0.26717,0.23774,-0.26717,0.000625632,,,
,,,,,,,,-0.26744,0.00846,-0.26613,0.23318,-0.26613,0.000613632,,,
,,,,,,,,-0.26637,0.00834,-0.26524,0.23104,-0.26524,0.000608,,,
,,,,,,,,-0.26541,0.00818,-0.26418,0.22873,-0.26418,0.000601921,,,
,,,,,,,,-0.26446,0.00805,-0.26321,0.22668,-0.26321,0.000596526,,,
,,,,,,,,-0.26339,0.00796,-0.26229,0.2231,-0.26229,0.000587105,,,
,,,,,,,,-0.26242,0.00786,-0.26122,0.22156,-0.26122,0.000583053,,,
,,,,,,,,-0.26147,0.00771,-0.26025,0.21884,-0.26025,0.000575895,,,
,,,,,,,,-0.2604,0.00758,-0.25925,0.21624,-0.25925,0.000569053,,,
,,,,,,,,-0.25943,0.00747,-0.2583,0.21364,-0.2583,0.000562211,,,
,,,,,,,,-0.25837,0.00737,-0.25731,0.21089,-0.25731,0.000554974,,,
,,,,,,,,-0.25742,0.00723,-0.25621,0.20877,-0.25621,0.000549395,,,
,,,,,,,,-0.25638,0.00713,-0.25526,0.20645,-0.25526,0.000543289,,,
,,,,,,,,-0.25547,0.00706,-0.25426,0.20468,-0.25426,0.000538632,,,
,,,,,,,,-0.2544,0.00691,-0.25331,0.20221,-0.25331,0.000532132,,,
,,,,,,,,-0.2535,0.00682,-0.25233,0.19894,-0.25233,0.000523526,,,
,,,,,,,,-0.25242,0.00675,-0.25139,0.19707,-0.25139,0.000518605,,,
,,,,,,,,-0.2514,0.00663,-0.25036,0.19383,-0.25036,0.000510079,,,
,,,,,,,,-0.25045,0.0065,-0.2494,0.19417,-0.2494,0.000510974,,,
,,,,,,,,-0.24942,0.00647,-0.24828,0.19099,-0.24828,0.000502605,,,
,,,,,,,,-0.24848,0.00635,-0.24738,0.18873,-0.24738,0.000496658,,,
,,,,,,,,-0.24747,0.00626,-0.24635,0.1869,-0.24635,0.000491842,,,
,,,,,,,,-0.24652,0.00619,-0.24532,0.18525,-0.24532,0.0004875,,,
,,,,,,,,-0.24549,0.00613,-0.24439,0.1828,-0.24439,0.000481053,,,
,,,,,,,,-0.24444,0.00602,-0.24332,0.18125,-0.24332,0.000476974,,,
,,,,,,,,-0.24353,0.00594,-0.24236,0.17915,-0.24236,0.000471447,,,
,,,,,,,,-0.24238,0.00582,-0.2413,0.17697,-0.2413,0.000465711,,,
,,,,,,,,-0.24144,0.00579,-0.24039,0.17583,-0.24039,0.000462711,,,
,,,,,,,,-0.24057,0.00568,-0.23943,0.17304,-0.23943,0.000455368,,,
,,,,,,,,-0.23955,0.00563,-0.23838,0.17212,-0.23838,0.000452947,,,
,,,,,,,,-0.23856,0.00553,-0.23741,0.16968,-0.23741,0.000446526,,,
,,,,,,,,-0.23753,0.00547,-0.23638,0.16897,-0.23638,0.000444658,,,
,,,,,,,,-0.23648,0.00542,-0.23535,0.16648,-0.23535,0.000438105,,,
,,,,,,,,-0.23541,0.00534,-0.23439,0.16682,-0.23439,0.000439,,,
,,,,,,,,-0.23458,0.00529,-0.23341,0.16399,-0.23341,0.000431553,,,
,,,,,,,,-0.2335,0.00522,-0.23241,0.16218,-0.23241,0.000426789,,,
,,,,,,,,-0.23255,0.00517,-0.23146,0.16183,-0.23146,0.000425868,,,
,,,,,,,,-0.23156,0.0051,-0.2304,0.15883,-0.2304,0.000417974,,,
,,,,,,,,-0.23052,0.00505,-0.22943,0.15748,-0.22943,0.000414421,,,
,,,,,,,,-0.22951,0.005,-0.22841,0.15598,-0.22841,0.000410474,,,
,,,,,,,,-0.2285,0.00488,-0.22744,0.1545,-0.22744,0.000406579,,,
,,,,,,,,-0.22756,0.00487,-0.22644,0.15295,-0.22644,0.0004025,,,
,,,,,,,,-0.22649,0.00484,-0.22546,0.15193,-0.22546,0.000399816,,,
,,,,,,,,-0.22557,0.00478,-0.22448,0.15007,-0.22448,0.000394921,,,
,,,,,,,,-0.22449,0.00472,-0.22345,0.14862,-0.22345,0.000391105,,,
,,,,,,,,-0.22354,0.00469,-0.22237,0.14742,-0.22237,0.000387947,,,
,,,,,,,,-0.22248,0.00461,-0.22142,0.14589,-0.22142,0.000383921,,,
,,,,,,,,-0.22149,0.00456,-0.22037,0.14508,-0.22037,0.000381789,,,
,,,,,,,,-0.22049,0.00451,-0.21943,0.14325,-0.21943,0.000376974,,,
,,,,,,,,-0.21943,0.00448,-0.21842,0.14243,-0.21842,0.000374816,,,
,,,,,,,,-0.2185,0.00443,-0.21747,0.14043,-0.21747,0.000369553,,,
,,,,,,,,-0.21753,0.00438,-0.21643,0.13977,-0.21643,0.000367816,,,
,,,,,,,,-0.21653,0.00431,-0.21543,0.13871,-0.21543,0.000365026,,,
,,,,,,,,-0.21551,0.00428,-0.21438,0.13801,-0.21438,0.000363184,,,
,,,,,,,,-0.21447,0.00423,-0.21352,0.13591,-0.21352,0.000357658,,,
,,,,,,,,-0.21345,0.00418,-0.21245,0.13579,-0.21245,0.000357342,,,
,,,,,,,,-0.21248,0.00416,-0.21147,0.13416,-0.21147,0.000353053,,,
,,,,,,,,-0.2116,0.00409,-0.21044,0.13287,-0.21044,0.000349658,,,
,,,,,,,,-0.21065,0.00405,-0.20949,0.13137,-0.20949,0.000345711,,,
,,,,,,,,-0.20956,0.004,-0.20853,0.13067,-0.20853,0.000343868,,,
,,,,,,,,-0.20847,0.00397,-0.20753,0.1297,-0.20753,0.000341316,,,
,,,,,,,,-0.20755,0.0039,-0.20651,0.12913,-0.20651,0.000339816,,,
,,,,,,,,-0.20658,0.00391,-0.20543,0.12791,-0.20543,0.000336605,,,
,,,,,,,,-0.20544,0.00386,-0.20451,0.12594,-0.20451,0.000331421,,,
,,,,,,,,-0.20456,0.00381,-0.20347,0.12594,-0.20347,0.000331421,,,
,,,,,,,,-0.20355,0.0038,-0.20247,0.12465,-0.20247,0.000328026,,,
,,,,,,,,-0.20265,0.00376,-0.20147,0.12277,-0.20147,0.000323079,,,
,,,,,,,,-0.20154,0.00372,-0.20055,0.12373,-0.20055,0.000325605,,,
,,,,,,,,-0.20054,0.00372,-0.19941,0.12103,-0.19941,0.0003185,,,
,,,,,,,,-0.19948,0.00364,-0.19848,0.12091,-0.19848,0.000318184,,,
,,,,,,,,-0.19857,0.00361,-0.19748,0.11938,-0.19748,0.000314158,,,
,,,,,,,,-0.19755,0.0036,-0.19656,0.11927,-0.19656,0.000313868,,,
,,,,,,,,-0.19659,0.0036,-0.19547,0.11719,-0.19547,0.000308395,,,
,,,,,,,,-0.19546,0.00356,-0.19447,0.11696,-0.19447,0.000307789,,,
,,,,,,,,-0.1945,0.00352,-0.19353,0.11552,-0.19353,0.000304,,,
,,,,,,,,-0.19342,0.00358,-0.19256,0.11428,-0.19256,0.000300737,,,
,,,,,,,,-0.19256,0.00354,-0.19149,0.11521,-0.19149,0.000303184,,,
,,,,,,,,-0.19154,0.00343,-0.19059,0.11388,-0.19059,0.000299684,,,
,,,,,,,,-0.19054,0.00342,-0.1895,0.11196,-0.1895,0.000294632,,,
,,,,,,,,-0.18967,0.00341,-0.18851,0.11233,-0.18851,0.000295605,,,
,,,,,,,,-0.18857,0.0034,-0.18746,0.11042,-0.18746,0.000290579,,,
,,,,,,,,-0.18768,0.00336,-0.18642,0.10966,-0.18642,0.000288579,,,
,,,,,,,,-0.18641,0.00335,-0.18549,0.10875,-0.18549,0.000286184,,,
,,,,,,,,-0.18557,0.00332,-0.18447,0.10775,-0.18447,0.000283553,,,
,,,,,,,,-0.18444,0.00326,-0.18349,0.10702,-0.18349,0.000281632,,,
,,,,,,,,-0.18369,0.00324,-0.18251,0.10727,-0.18251,0.000282289,,,
,,,,,,,,-0.18255,0.00321,-0.18139,0.10551,-0.18139,0.000277658,,,
,,,,,,,,-0.18144,0.0032,-0.18044,0.10485,-0.18044,0.000275921,,,
,,,,,,,,-0.18061,0.00316,-0.17953,0.10501,-0.17953,0.000276342,,,
,,,,,,,,-0.17945,0.00316,-0.17848,0.10364,-0.17848,0.000272737,,,
,,,,,,,,-0.17847,0.00312,-0.17744,0.10235,-0.17744,0.000269342,,,
,,,,,,,,-0.17751,0.00311,-0.17657,0.10207,-0.17657,0.000268605,,,
,,,,,,,,-0.1765,0.00307,-0.17543,0.10114,-0.17543,0.000266158,,,
,,,,,,,,-0.17552,0.00308,-0.17462,0.10016,-0.17462,0.000263579,,,
,,,,,,,,-0.17449,0.00303,-0.17354,0.10031,-0.17354,0.000263974,,,
,,,,,,,,-0.17354,0.00299,-0.17255,0.09934,-0.17255,0.000261421,,,
,,,,,,,,-0.17249,0.00299,-0.17147,0.09809,-0.17147,0.000258132,,,
,,,,,,,,-0.17134,0.00299,-0.17051,0.09807,-0.17051,0.000258079,,,
,,,,,,,,-0.17063,0.00299,-0.16943,0.0964,-0.16943,0.000253684,,,
,,,,,,,,-0.16972,0.00303,-0.16864,0.09656,-0.16864,0.000254105,,,
,,,,,,,,-0.16859,0.00294,-0.16758,0.09554,-0.16758,0.000251421,,,
,,,,,,,,-0.1677,0.00293,-0.16648,0.09517,-0.16648,0.000250447,,,
,,,,,,,,-0.16654,0.00292,-0.16564,0.09402,-0.16564,0.000247421,,,
,,,,,,,,-0.16533,0.00293,-0.16456,0.0937,-0.16456,0.000246579,,,
,,,,,,,,-0.16462,0.00285,-0.16354,0.09316,-0.16354,0.000245158,,,
,,,,,,,,-0.16357,0.00291,-0.16259,0.09176,-0.16259,0.000241474,,,
,,,,,,,,-0.16264,0.00286,-0.16157,0.09131,-0.16157,0.000240289,,,
,,,,,,,,-0.16154,0.00294,-0.16047,0.09141,-0.16047,0.000240553,,,
,,,,,,,,-0.16061,0.0028,-0.15964,0.08959,-0.15964,0.000235763,,,
,,,,,,,,-0.15958,0.00284,-0.15855,0.08987,-0.15855,0.0002365,,,
,,,,,,,,-0.15845,0.00282,-0.15749,0.08889,-0.15749,0.000233921,,,
,,,,,,,,-0.15786,0.00278,-0.15659,0.08795,-0.15659,0.000231447,,,
,,,,,,,,-0.15639,0.00276,-0.15556,0.08794,-0.15556,0.000231421,,,
,,,,,,,,-0.15542,0.00274,-0.15453,0.0875,-0.15453,0.000230263,,,
,,,,,,,,-0.15469,0.00291,-0.15335,0.08616,-0.15335,0.000226737,,,
,,,,,,,,-0.15356,0.00274,-0.15249,0.08618,-0.15249,0.000226789,,,
,,,,,,,,-0.15263,0.00267,-0.15138,0.08534,-0.15138,0.000224579,,,
,,,,,,,,-0.15126,0.00265,-0.15047,0.08437,-0.15047,0.000222026,,,
,,,,,,,,-0.15063,0.00267,-0.1494,0.08429,-0.1494,0.000221816,,,
,,,,,,,,-0.14963,0.00267,-0.14848,0.08354,-0.14848,0.000219842,,,
,,,,,,,,-0.14861,0.0026,-0.14744,0.08318,-0.14744,0.000218895,,,
,,,,,,,,-0.14755,0.00265,-0.14642,0.08169,-0.14642,0.000214974,,,
,,,,,,,,-0.14661,0.00258,-0.1454,0.0812,-0.1454,0.000213684,,,
,,,,,,,,-0.1457,0.00258,-0.14458,0.08114,-0.14458,0.000213526,,,
,,,,,,,,-0.14424,0.00257,-0.14353,0.08033,-0.14353,0.000211395,,,
,,,,,,,,-0.14325,0.0027,-0.14263,0.07988,-0.14263,0.000210211,,,
,,,,,,,,-0.14256,0.0025,-0.14135,0.07968,-0.14135,0.000209684,,,
,,,,,,,,-0.14112,0.00251,-0.14044,0.07881,-0.14044,0.000207395,,,
,,,,,,,,-0.14024,0.00253,-0.1394,0.07761,-0.1394,0.000204237,,,
,,,,,,,,-0.13939,0.00252,-0.13848,0.07737,-0.13848,0.000203605,,,
,,,,,,,,-0.13841,0.00248,-0.13748,0.07642,-0.13748,0.000201105,,,
,,,,,,,,-0.13741,0.00248,-0.13652,0.07615,-0.13652,0.000200395,,,
,,,,,,,,-0.13652,0.00245,-0.13545,0.07544,-0.13545,0.000198526,,,
,,,,,,,,-0.13602,0.00244,-0.13452,0.07524,-0.13452,0.000198,,,
,,,,,,,,-0.13494,0.00251,-0.13345,0.07457,-0.13345,0.000196237,,,
,,,,,,,,-0.13366,0.00245,-0.13238,0.07362,-0.13238,0.000193737,,,
,,,,,,,,-0.13256,0.00245,-0.13151,0.07251,-0.13151,0.000190816,,,
,,,,,,,,-0.13184,0.00242,-0.13042,0.07293,-0.13042,0.000191921,,,
,,,,,,,,-0.1307,0.00245,-0.12956,0.07225,-0.12956,0.000190132,,,
,,,,,,,,-0.12996,0.00245,-0.12851,0.07173,-0.12851,0.000188763,,,
,,,,,,,,-0.12861,0.00242,-0.12757,0.07112,-0.12757,0.000187158,,,
,,,,,,,,-0.12754,0.00243,-0.1265,0.0705,-0.1265,0.000185526,,,
,,,,,,,,-0.12654,0.00236,-0.12552,0.06959,-0.12552,0.000183132,,,
,,,,,,,,-0.12524,0.00237,-0.12459,0.06919,-0.12459,0.000182079,,,
,,,,,,,,-0.12464,0.00238,-0.12346,0.06882,-0.12346,0.000181105,,,
,,,,,,,,-0.1233,0.00233,-0.12246,0.0679,-0.12246,0.000178684,,,
,,,,,,,,-0.12266,0.00235,-0.1215,0.06792,-0.1215,0.000178737,,,
,,,,,,,,-0.12138,0.00236,-0.12047,0.06736,-0.12047,0.000177263,,,
,,,,,,,,-0.12056,0.00232,-0.11944,0.06724,-0.11944,0.000176947,,,
,,,,,,,,-0.11957,0.00233,-0.11836,0.06646,-0.11836,0.000174895,,,
,,,,,,,,-0.11856,0.00236,-0.11745,0.06566,-0.11745,0.000172789,,,
,,,,,,,,-0.11738,0.00228,-0.11646,0.06576,-0.11646,0.000173053,,,
,,,,,,,,-0.11638,0.00227,-0.11539,0.06502,-0.11539,0.000171105,,,
,,,,,,,,-0.1155,0.00234,-0.11447,0.06489,-0.11447,0.000170763,,,
,,,,,,,,-0.11455,0.00225,-0.11345,0.06454,-0.11345,0.000169842,,,
,,,,,,,,-0.11349,0.00224,-0.11241,0.0636,-0.11241,0.000167368,,,
,,,,,,,,-0.11269,0.00225,-0.11149,0.06382,-0.11149,0.000167947,,,
,,,,,,,,-0.1116,0.00225,-0.11048,0.06273,-0.11048,0.000165079,,,
,,,,,,,,-0.11055,0.00224,-0.10953,0.0623,-0.10953,0.000163947,,,
,,,,,,,,-0.10943,0.00224,-0.10845,0.06235,-0.10845,0.000164079,,,
,,,,,,,,-0.1086,0.00225,-0.10749,0.06212,-0.10749,0.000163474,,,
,,,,,,,,-0.10761,0.00223,-0.10637,0.06198,-0.10637,0.000163105,,,
,,,,,,,,-0.10667,0.00224,-0.10539,0.06115,-0.10539,0.000160921,,,
,,,,,,,,-0.10549,0.00232,-0.10435,0.06047,-0.10435,0.000159132,,,
,,,,,,,,-0.10465,0.00225,-0.10329,0.06086,-0.10329,0.000160158,,,
,,,,,,,,-0.10361,0.00224,-0.10236,0.06023,-0.10236,0.0001585,,,
,,,,,,,,-0.10251,0.00228,-0.10144,0.05979,-0.10144,0.000157342,,,
,,,,,,,,-0.10149,0.00221,-0.10034,0.05965,-0.10034,0.000156974,,,
,,,,,,,,-0.10075,0.00233,-0.09942,0.05972,-0.09942,0.000157158,,,
,,,,,,,,-0.09956,0.00237,-0.09847,0.05913,-0.09847,0.000155605,,,
,,,,,,,,-0.09857,0.00228,-0.09743,0.05856,-0.09743,0.000154105,,,
,,,,,,,,-0.09754,0.00225,-0.09642,0.05905,-0.09642,0.000155395,,,
,,,,,,,,-0.09659,0.00224,-0.09545,0.05862,-0.09545,0.000154263,,,
,,,,,,,,-0.09554,0.00223,-0.09441,0.05824,-0.09441,0.000153263,,,
,,,,,,,,-0.09451,0.00221,-0.09343,0.05799,-0.09343,0.000152605,,,
,,,,,,,,-0.09356,0.00224,-0.09241,0.05759,-0.09241,0.000151553,,,
,,,,,,,,-0.09253,0.00231,-0.09136,0.05737,-0.09136,0.000150974,,,
,,,,,,,,-0.09157,0.00221,-0.09041,0.05742,-0.09041,0.000151105,,,
,,,,,,,,-0.09047,0.00221,-0.0894,0.05713,-0.0894,0.000150342,,,
,,,,,,,,-0.0895,0.00222,-0.08839,0.05684,-0.08839,0.000149579,,,
,,,,,,,,-0.08842,0.00218,-0.0874,0.05699,-0.0874,0.000149974,,,
,,,,,,,,-0.08749,0.00219,-0.08649,0.05626,-0.08649,0.000148053,,,
,,,,,,,,-0.0865,0.00222,-0.08545,0.05598,-0.08545,0.000147316,,,
,,,,,,,,-0.0854,0.00222,-0.08447,0.05619,-0.08447,0.000147868,,,
,,,,,,,,-0.0845,0.00219,-0.08344,0.05571,-0.08344,0.000146605,,,
,,,,,,,,-0.08344,0.0022,-0.0824,0.05569,-0.0824,0.000146553,,,
,,,,,,,,-0.08261,0.00217,-0.08144,0.0554,-0.08144,0.000145789,,,
,,,,,,,,-0.08151,0.00215,-0.08046,0.05522,-0.08046,0.000145316,,,
,,,,,,,,-0.08056,0.00222,-0.07947,0.05536,-0.07947,0.000145684,,,
,,,,,,,,-0.07952,0.00218,-0.07844,0.05515,-0.07844,0.000145132,,,
,,,,,,,,-0.07859,0.00218,-0.07746,0.05471,-0.07746,0.000143974,,,
,,,,,,,,-0.07759,0.00216,-0.0765,0.0545,-0.0765,0.000143421,,,
,,,,,,,,-0.07643,0.00215,-0.07548,0.05424,-0.07548,0.000142737,,,
,,,,,,,,-0.07548,0.00215,-0.07455,0.05441,-0.07455,0.000143184,,,
,,,,,,,,-0.07447,0.00215,-0.07354,0.05391,-0.07354,0.000141868,,,
,,,,,,,,-0.07343,0.00212,-0.07253,0.05391,-0.07253,0.000141868,,,
,,,,,,,,-0.07254,0.0021,-0.07149,0.05359,-0.07149,0.000141026,,,
,,,,,,,,-0.0715,0.00229,-0.07042,0.05333,-0.07042,0.000140342,,,
,,,,,,,,-0.0705,0.00215,-0.06949,0.0533,-0.06949,0.000140263,,,
,,,,,,,,-0.06951,0.00214,-0.0685,0.05326,-0.0685,0.000140158,,,
,,,,,,,,-0.06848,0.00212,-0.06759,0.05312,-0.06759,0.000139789,,,
,,,,,,,,-0.0675,0.00214,-0.06648,0.0531,-0.06648,0.000139737,,,
,,,,,,,,-0.06655,0.00211,-0.06547,0.05241,-0.06547,0.000137921,,,
,,,,,,,,-0.06552,0.00213,-0.06453,0.05292,-0.06453,0.000139263,,,
,,,,,,,,-0.06447,0.00213,-0.06354,0.05208,-0.06354,0.000137053,,,
,,,,,,,,-0.0635,0.00213,-0.06253,0.05217,-0.06253,0.000137289,,,
,,,,,,,,-0.06257,0.00211,-0.06134,0.05191,-0.06134,0.000136605,,,
,,,,,,,,-0.06161,0.00209,-0.06074,0.05185,-0.06074,0.000136447,,,
,,,,,,,,-0.06065,0.00208,-0.05955,0.05191,-0.05955,0.000136605,,,
,,,,,,,,-0.0595,0.00211,-0.05846,0.05156,-0.05846,0.000135684,,,
,,,,,,,,-0.05864,0.00209,-0.0579,0.05129,-0.0579,0.000134974,,,
,,,,,,,,-0.05756,0.00208,-0.0563,0.05098,-0.0563,0.000134158,,,
,,,,,,,,-0.05665,0.0021,-0.0557,0.05097,-0.0557,0.000134132,,,
,,,,,,,,-0.05566,0.00212,-0.0545,0.05105,-0.0545,0.000134342,,,
,,,,,,,,-0.05463,0.0021,-0.05364,0.05069,-0.05364,0.000133395,,,
,,,,,,,,-0.05371,0.00212,-0.05253,0.05042,-0.05253,0.000132684,,,
,,,,,,,,-0.05259,0.0021,-0.05134,0.05041,-0.05134,0.000132658,,,
,,,,,,,,-0.0516,0.00211,-0.05016,0.05032,-0.05016,0.000132421,,,
,,,,,,,,-0.05053,0.0021,-0.0494,0.04986,-0.0494,0.000131211,,,
,,,,,,,,-0.04961,0.0021,-0.04846,0.04989,-0.04846,0.000131289,,,
,,,,,,,,-0.04862,0.00211,-0.04736,0.04942,-0.04736,0.000130053,,,
,,,,,,,,-0.04751,0.00207,-0.04654,0.04941,-0.04654,0.000130026,,,
,,,,,,,,-0.04656,0.00211,-0.04524,0.04932,-0.04524,0.000129789,,,
,,,,,,,,-0.04554,0.00208,-0.04456,0.04914,-0.04456,0.000129316,,,
,,,,,,,,-0.0446,0.0021,-0.04319,0.04907,-0.04319,0.000129132,,,
,,,,,,,,-0.04351,0.00208,-0.04266,0.04907,-0.04266,0.000129132,,,
,,,,,,,,-0.04261,0.00208,-0.04134,0.04869,-0.04134,0.000128132,,,
,,,,,,,,-0.04152,0.00206,-0.04034,0.04871,-0.04034,0.000128184,,,
,,,,,,,,-0.04053,0.00207,-0.03919,0.04822,-0.03919,0.000126895,,,
,,,,,,,,-0.03953,0.00205,-0.03873,0.04812,-0.03873,0.000126632,,,
,,,,,,,,-0.03848,0.00208,-0.03743,0.04834,-0.03743,0.000127211,,,
,,,,,,,,-0.03748,0.00209,-0.03668,0.04803,-0.03668,0.000126395,,,
,,,,,,,,-0.03654,0.00203,-0.03526,0.04759,-0.03526,0.000125237,,,
,,,,,,,,-0.03549,0.00205,-0.03458,0.04739,-0.03458,0.000124711,,,
,,,,,,,,-0.03455,0.00204,-0.03376,0.04745,-0.03376,0.000124868,,,
,,,,,,,,-0.03356,0.00204,-0.03216,0.04703,-0.03216,0.000123763,,,
,,,,,,,,-0.03247,0.00201,-0.03113,0.04686,-0.03113,0.000123316,,,
,,,,,,,,-0.03146,0.002,-0.03066,0.04686,-0.03066,0.000123316,,,
,,,,,,,,-0.0305,0.00203,-0.02918,0.04642,-0.02918,0.000122158,,,
,,,,,,,,-0.0296,0.00202,-0.02857,0.04637,-0.02857,0.000122026,,,
,,,,,,,,-0.02851,0.00203,-0.02732,0.04634,-0.02732,0.000121947,,,
,,,,,,,,-0.02754,0.00205,-0.0264,0.04601,-0.0264,0.000121079,,,
,,,,,,,,-0.02658,0.00202,-0.02552,0.04585,-0.02552,0.000120658,,,
,,,,,,,,-0.02551,0.00199,-0.02449,0.0458,-0.02449,0.000120526,,,
,,,,,,,,-0.02464,0.00204,-0.0233,0.04569,-0.0233,0.000120237,,,
,,,,,,,,-0.02361,0.00205,-0.02251,0.04541,-0.02251,0.0001195,,,
,,,,,,,,-0.0226,0.00205,-0.02131,0.04519,-0.02131,0.000118921,,,
,,,,,,,,-0.02167,0.00205,-0.02062,0.04491,-0.02062,0.000118184,,,
,,,,,,,,-0.02055,0.00204,-0.01933,0.04466,-0.01933,0.000117526,,,
,,,,,,,,-0.0196,0.00207,-0.01835,0.04456,-0.01835,0.000117263,,,
,,,,,,,,-0.0185,0.00204,-0.0174,0.04457,-0.0174,0.000117289,,,
,,,,,,,,-0.01761,0.00206,-0.01621,0.04432,-0.01621,0.000116632,,,
,,,,,,,,-0.0166,0.00207,-0.01557,0.04398,-0.01557,0.000115737,,,
,,,,,,,,-0.01553,0.00207,-0.01415,0.04364,-0.01415,0.000114842,,,
,,,,,,,,-0.01458,0.00228,-0.01339,0.04358,-0.01339,0.000114684,,,
,,,,,,,,-0.01359,0.00206,-0.01275,0.04335,-0.01275,0.000114079,,,
,,,,,,,,-0.01257,0.00206,-0.01177,0.04351,-0.01177,0.0001145,,,
,,,,,,,,-0.01153,0.00209,-0.01037,0.0436,-0.01037,0.000114737,,,
,,,,,,,,-0.01058,0.00212,-0.0096,0.04312,-0.0096,0.000113474,,,
,,,,,,,,-0.00955,0.00211,-0.0085,0.04274,-0.0085,0.000112474,,,
,,,,,,,,-0.00856,0.0021,-0.0074,0.04262,-0.0074,0.000112158,,,
,,,,,,,,-0.00755,0.00212,-0.00652,0.04273,-0.00652,0.000112447,,,
,,,,,,,,-0.00662,0.00215,-0.0055,0.04229,-0.0055,0.000111289,,,
,,,,,,,,-0.00555,0.00206,-0.00442,0.04225,-0.00442,0.000111184,,,
,,,,,,,,-0.00457,0.00207,-0.0035,0.04211,-0.0035,0.000110816,,,
,,,,,,,,-0.00359,0.00208,-0.00245,0.04192,-0.00245,0.000110316,,,
,,,,,,,,-0.00257,0.00209,-0.00148,0.04151,-0.00148,0.000109237,,,
,,,,,,,,-0.0016,0.00208,-5.69E-04,0.04154,-5.69E-04,0.000109316,,,
,,,,,,,,-5.71E-04,0.00208,4.44E-04,0.04139,4.44E-04,0.000108921,,,